Fund Name,P1,P2,P3,P4,P5,Topsis Score,Rank
M1,0.69,0.48,4.4,66.7,18.07,0.5406539104721046,4
M2,0.78,0.61,6.6,68.9,19.22,0.8121668525756994,1
M3,0.78,0.61,5.3,31.1,9.45,0.38802109858012196,7
M4,0.63,0.4,5.8,34.4,10.31,0.4644299512083332,5
M5,0.95,0.9,6.8,44.5,13.29,0.6174397741627528,3
M6,0.7,0.49,3.4,51.0,13.9,0.3370177549655649,8
M7,0.68,0.46,6.5,59.8,16.86,0.7279526954856499,2
M8,0.93,0.86,4.7,45.5,13.0,0.4185634486976432,6
